dataset,context_id,gold_unanimous,gold_manage,gold_visit,gold_resource
askdocs,askdocs_0,True,NO,YES,NO
askdocs,askdocs_1,False,YES,NO,NO
askdocs,askdocs_2,True,NO,YES,YES
askdocs,askdocs_3,True,YES,NO,NO
askdocs,askdocs_4,True,YES,NO,NO
askdocs,askdocs_5,True,NO,YES,YES
askdocs,askdocs_6,True,YES,NO,NO
askdocs,askdocs_7,True,NO,YES,YES
askdocs,askdocs_8,True,NO,YES,YES
askdocs,askdocs_9,True,NO,YES,YES
askdocs,askdocs_10,True,NO,YES,NO
askdocs,askdocs_11,True,NO,YES,YES
askdocs,askdocs_12,True,NO,YES,YES
askdocs,askdocs_13,False,NO,YES,YES
askdocs,askdocs_14,True,NO,YES,YES
askdocs,askdocs_15,True,NO,YES,YES
askdocs,askdocs_16,True,NO,YES,YES
askdocs,askdocs_17,True,NO,YES,YES
askdocs,askdocs_18,True,YES,NO,NO
askdocs,askdocs_19,True,YES,NO,NO
askdocs,askdocs_20,True,NO,YES,YES
askdocs,askdocs_21,True,NO,YES,YES
askdocs,askdocs_22,True,NO,YES,YES
askdocs,askdocs_23,True,NO,YES,YES
askdocs,askdocs_24,False,YES,NO,NO
askdocs,askdocs_26,True,NO,YES,NO
askdocs,askdocs_27,True,NO,YES,YES
askdocs,askdocs_28,True,NO,YES,YES
askdocs,askdocs_29,True,YES,NO,NO
askdocs,askdocs_30,True,NO,YES,YES
askdocs,askdocs_31,True,NO,YES,YES
askdocs,askdocs_32,True,NO,YES,YES
askdocs,askdocs_33,True,NO,YES,YES
askdocs,askdocs_34,True,NO,YES,YES
askdocs,askdocs_35,True,YES,NO,NO
askdocs,askdocs_36,True,YES,YES,NO
askdocs,askdocs_37,False,YES,NO,NO
askdocs,askdocs_38,True,NO,YES,YES
askdocs,askdocs_39,True,NO,YES,YES
askdocs,askdocs_40,True,NO,YES,YES
askdocs,askdocs_41,True,NO,YES,YES
askdocs,askdocs_42,True,NO,YES,YES
askdocs,askdocs_43,True,NO,YES,YES
askdocs,askdocs_44,True,NO,YES,NO
askdocs,askdocs_45,True,YES,NO,NO
askdocs,askdocs_46,True,YES,NO,NO
askdocs,askdocs_47,True,NO,YES,YES
askdocs,askdocs_48,True,NO,YES,YES
askdocs,askdocs_49,True,NO,YES,YES
askdocs,askdocs_50,True,YES,NO,NO
askdocs,askdocs_51,False,YES,YES,YES
askdocs,askdocs_52,True,YES,NO,NO
askdocs,askdocs_53,True,NO,YES,YES
askdocs,askdocs_54,True,NO,YES,YES
askdocs,askdocs_55,True,NO,YES,YES
askdocs,askdocs_56,True,NO,NO,NO
askdocs,askdocs_57,True,NO,YES,YES
askdocs,askdocs_58,True,NO,YES,YES
askdocs,askdocs_59,True,NO,YES,YES
askdocs,askdocs_60,True,NO,YES,YES
askdocs,askdocs_61,True,YES,NO,NO
askdocs,askdocs_62,True,NO,YES,YES
askdocs,askdocs_63,True,YES,YES,NO
askdocs,askdocs_64,True,NO,YES,YES
askdocs,askdocs_65,True,NO,YES,YES
askdocs,askdocs_66,True,NO,YES,YES
askdocs,askdocs_67,True,NO,YES,YES
askdocs,askdocs_68,True,NO,YES,YES
askdocs,askdocs_69,True,YES,NO,NO
askdocs,askdocs_70,True,YES,NO,NO
askdocs,askdocs_71,True,NO,YES,YES
askdocs,askdocs_72,True,YES,NO,NO
askdocs,askdocs_73,True,NO,NO,NO
askdocs,askdocs_74,True,NO,YES,YES
askdocs,askdocs_75,True,NO,YES,YES
askdocs,askdocs_76,True,YES,NO,NO
askdocs,askdocs_77,True,YES,NO,NO
askdocs,askdocs_78,True,NO,YES,YES
askdocs,askdocs_79,True,NO,YES,YES
askdocs,askdocs_80,True,NO,YES,YES
askdocs,askdocs_81,True,NO,YES,YES
askdocs,askdocs_82,True,NO,YES,YES
askdocs,askdocs_83,True,NO,YES,YES
askdocs,askdocs_84,True,NO,YES,YES
askdocs,askdocs_85,True,YES,YES,NO
askdocs,askdocs_86,True,NO,YES,YES
askdocs,askdocs_87,False,YES,NO,NO
askdocs,askdocs_88,False,NO,YES,YES
askdocs,askdocs_89,True,NO,YES,YES
askdocs,askdocs_90,True,NO,YES,YES
askdocs,askdocs_91,True,YES,NO,NO
askdocs,askdocs_92,True,NO,YES,YES
askdocs,askdocs_93,True,YES,NO,NO
askdocs,askdocs_94,True,NO,YES,YES
askdocs,askdocs_95,True,NO,YES,YES
askdocs,askdocs_96,True,NO,NO,YES
askdocs,askdocs_97,True,NO,YES,YES
askdocs,askdocs_98,True,NO,YES,YES
askdocs,askdocs_99,True,YES,NO,NO
askdocs,askdocs_100,True,NO,YES,YES
askdocs,askdocs_101,True,YES,NO,NO
askdocs,askdocs_102,True,YES,NO,NO
askdocs,askdocs_103,False,YES,NO,NO
askdocs,askdocs_104,True,NO,YES,YES
askdocs,askdocs_105,True,NO,YES,YES
askdocs,askdocs_106,True,YES,NO,NO
askdocs,askdocs_107,True,NO,YES,YES
askdocs,askdocs_108,True,YES,NO,NO
askdocs,askdocs_109,True,YES,NO,NO
askdocs,askdocs_110,False,YES,NO,NO
askdocs,askdocs_111,False,YES,NO,NO
askdocs,askdocs_112,True,NO,YES,YES
askdocs,askdocs_113,True,YES,NO,NO
askdocs,askdocs_114,True,NO,YES,YES
askdocs,askdocs_115,True,YES,YES,YES
askdocs,askdocs_116,True,YES,NO,NO
askdocs,askdocs_117,True,NO,YES,YES
askdocs,askdocs_118,True,YES,NO,NO
askdocs,askdocs_119,True,YES,NO,NO
askdocs,askdocs_120,True,NO,YES,YES
askdocs,askdocs_121,True,YES,NO,NO
askdocs,askdocs_122,True,YES,NO,NO
askdocs,askdocs_123,True,NO,YES,YES
askdocs,askdocs_124,True,NO,YES,YES
askdocs,askdocs_125,True,NO,YES,YES
askdocs,askdocs_126,True,NO,YES,YES
askdocs,askdocs_127,True,YES,NO,NO
askdocs,askdocs_128,True,NO,YES,YES
askdocs,askdocs_129,True,NO,YES,YES
askdocs,askdocs_130,True,NO,YES,YES
askdocs,askdocs_131,True,NO,YES,YES
askdocs,askdocs_132,True,YES,YES,YES
askdocs,askdocs_133,True,NO,YES,YES
askdocs,askdocs_134,True,NO,YES,YES
askdocs,askdocs_135,True,NO,YES,NO
askdocs,askdocs_136,True,YES,NO,NO
askdocs,askdocs_137,True,NO,YES,YES
askdocs,askdocs_138,False,YES,NO,NO
askdocs,askdocs_139,True,NO,YES,YES
askdocs,askdocs_140,True,NO,YES,YES
askdocs,askdocs_141,True,YES,NO,NO
askdocs,askdocs_142,True,NO,YES,YES
askdocs,askdocs_143,True,NO,YES,YES
askdocs,askdocs_144,False,YES,NO,NO
askdocs,askdocs_145,True,YES,NO,NO
askdocs,askdocs_146,False,YES,NO,NO
askdocs,askdocs_147,True,YES,NO,NO
askdocs,askdocs_148,True,NO,NO,YES
askdocs,askdocs_149,True,NO,YES,YES
askdocs,askdocs_150,True,NO,YES,YES
askdocs,askdocs_151,True,NO,YES,NO
askdocs,askdocs_152,True,YES,NO,NO
askdocs,askdocs_153,True,YES,NO,NO
askdocs,askdocs_154,True,NO,YES,YES
askdocs,askdocs_155,True,YES,NO,NO
askdocs,askdocs_156,True,YES,NO,NO
askdocs,askdocs_157,True,NO,YES,YES
askdocs,askdocs_158,True,NO,YES,YES
askdocs,askdocs_159,True,NO,YES,YES
askdocs,askdocs_160,True,NO,YES,YES
askdocs,askdocs_161,True,YES,YES,NO
askdocs,askdocs_162,False,YES,NO,NO
askdocs,askdocs_163,True,NO,YES,YES
askdocs,askdocs_164,True,NO,YES,YES
askdocs,askdocs_165,False,YES,YES,YES
askdocs,askdocs_166,True,NO,YES,YES
askdocs,askdocs_167,True,NO,YES,YES
askdocs,askdocs_168,True,YES,NO,NO
askdocs,askdocs_169,True,NO,YES,YES
askdocs,askdocs_170,True,NO,YES,YES
askdocs,askdocs_171,True,NO,YES,YES
askdocs,askdocs_172,True,NO,YES,YES
askdocs,askdocs_173,True,YES,NO,NO
askdocs,askdocs_174,True,NO,YES,YES
askdocs,askdocs_175,True,NO,YES,YES
askdocs,askdocs_176,True,YES,NO,NO
askdocs,askdocs_177,True,NO,YES,YES
askdocs,askdocs_178,True,NO,YES,YES
askdocs,askdocs_179,True,NO,YES,YES
askdocs,askdocs_180,True,NO,YES,YES
askdocs,askdocs_182,True,YES,NO,NO
askdocs,askdocs_183,True,NO,YES,YES
askdocs,askdocs_184,True,NO,YES,YES
askdocs,askdocs_185,True,NO,YES,YES
askdocs,askdocs_186,True,NO,YES,YES
askdocs,askdocs_187,True,NO,YES,YES
askdocs,askdocs_188,True,YES,NO,NO
askdocs,askdocs_189,True,NO,YES,YES
askdocs,askdocs_190,True,NO,YES,YES
askdocs,askdocs_191,True,NO,YES,YES
askdocs,askdocs_192,True,NO,YES,YES
askdocs,askdocs_193,True,NO,YES,YES
askdocs,askdocs_194,True,NO,YES,YES
medisum,14171200-DS-21,True,YES,NO,NO
medisum,12616049-DS-2,False,YES,YES,YES
medisum,17092340-DS-3,False,YES,YES,YES
medisum,14270978-DS-6,True,YES,NO,NO
medisum,11362999-DS-28,False,YES,NO,NO
medisum,18119213-DS-7,True,YES,NO,YES
medisum,10959007-DS-7,False,YES,NO,YES
medisum,12256426-DS-20,False,YES,NO,NO
medisum,19585869-DS-32,False,NO,YES,YES
medisum,14983135-DS-23,True,YES,NO,YES
medisum,15798014-DS-23,True,NO,YES,YES
medisum,14783115-DS-11,False,YES,NO,YES
medisum,10103318-DS-18,False,YES,NO,NO
medisum,19663680-DS-12,True,YES,YES,YES
medisum,10795434-DS-28,True,YES,NO,YES
medisum,14198688-DS-18,True,YES,NO,NO
medisum,13086918-DS-49,True,YES,NO,NO
medisum,18303609-DS-18,True,YES,NO,NO
medisum,17842361-DS-21,True,YES,NO,YES
medisum,11919770-DS-17,False,YES,YES,YES
medisum,13940306-DS-20,True,YES,NO,YES
medisum,14834941-DS-17,False,YES,YES,YES
medisum,15406525-DS-6,True,YES,NO,YES
medisum,10451157-DS-19,False,NO,YES,YES
medisum,13970706-DS-15,True,YES,NO,YES
medisum,18796073-DS-13,True,YES,NO,YES
medisum,17781765-DS-14,False,NO,YES,YES
medisum,15774196-DS-14,False,YES,NO,NO
medisum,11166881-DS-16,True,YES,NO,NO
medisum,19026591-DS-18,True,YES,NO,YES
medisum,11052273-DS-18,False,YES,NO,YES
medisum,11526668-DS-27,True,YES,YES,YES
medisum,15229355-DS-21,False,NO,NO,YES
medisum,17781151-DS-12,True,NO,YES,YES
medisum,19266431-DS-9,True,NO,YES,YES
medisum,19185280-DS-9,True,NO,YES,YES
medisum,11532808-DS-27,False,YES,NO,YES
medisum,18067809-DS-5,True,NO,YES,YES
medisum,15457168-DS-2,True,YES,NO,YES
medisum,13802517-DS-18,False,YES,NO,YES
medisum,12419181-DS-9,True,NO,YES,YES
medisum,17994070-DS-9,True,YES,NO,YES
medisum,12398927-DS-5,True,YES,NO,YES
medisum,11896259-DS-9,True,YES,NO,NO
medisum,10272140-DS-15,True,YES,NO,YES
medisum,16668491-DS-11,False,NO,YES,YES
medisum,14300447-DS-18,True,NO,YES,YES
medisum,17281028-DS-14,True,YES,NO,YES
medisum,17200022-DS-15,True,YES,NO,YES
medisum,19019425-DS-9,True,NO,YES,YES
medisum,11355855-DS-33,True,YES,NO,NO
medisum,13989789-DS-10,False,YES,NO,YES
medisum,10139461-DS-10,True,YES,YES,YES
medisum,16224435-DS-5,False,YES,NO,YES
medisum,18996386-DS-14,True,NO,YES,YES
medisum,15449221-DS-25,True,NO,YES,YES
medisum,16112144-DS-18,False,YES,NO,YES
medisum,12397993-DS-15,True,YES,NO,YES
medisum,15827938-DS-11,False,YES,YES,NO
medisum,12144582-DS-13,True,YES,NO,YES
medisum,12435748-DS-12,True,NO,YES,YES
medisum,15915586-DS-9,True,YES,YES,YES
medisum,18263674-DS-11,True,YES,NO,NO
medisum,15886419-DS-18,True,NO,NO,YES
medisum,16773307-DS-17,True,YES,NO,NO
medisum,10145222-DS-19,True,YES,NO,NO
medisum,10434107-DS-18,True,NO,YES,YES
medisum,19768741-DS-25,True,NO,YES,YES
medisum,13510413-DS-38,True,YES,NO,YES
medisum,15716610-DS-20,True,NO,YES,YES
medisum,12749568-DS-34,True,NO,YES,YES
medisum,10509739-DS-19,True,NO,YES,YES
medisum,13343622-DS-8,True,NO,YES,YES
medisum,13921768-DS-17,True,YES,NO,NO
medisum,17244693-DS-7,True,YES,YES,YES
medisum,16069750-DS-4,True,YES,YES,YES
medisum,17504065-DS-22,True,NO,YES,YES
medisum,19210587-DS-20,True,YES,NO,NO
medisum,14299054-DS-7,True,YES,NO,NO
medisum,10576313-DS-15,False,YES,NO,YES
medisum,17525478-DS-23,True,YES,NO,YES
medisum,17865269-DS-5,True,YES,NO,NO
medisum,16502265-DS-13,True,NO,YES,YES
medisum,11465548-DS-6,True,NO,YES,YES
medisum,13420572-DS-21,False,NO,YES,YES
medisum,16111901-DS-26,True,NO,YES,YES
medisum,18490077-DS-7,True,YES,NO,NO
medisum,11884152-DS-7,True,NO,YES,YES
medisum,15758816-DS-14,True,YES,YES,YES
medisum,12435236-DS-19,True,YES,YES,YES
medisum,14619085-DS-17,True,YES,NO,NO
medisum,13811466-DS-9,True,NO,YES,YES
medisum,18491974-DS-6,True,NO,YES,YES
medisum,17763551-DS-9,True,YES,NO,NO
medisum,18784727-DS-6,True,YES,NO,YES
medisum,15108186-DS-9,True,NO,YES,YES
medisum,10781561-DS-9,True,YES,NO,YES
medisum,18095197-DS-15,True,YES,YES,YES
medisum,18303998-DS-12,True,YES,NO,YES
medisum,16919911-DS-17,True,YES,NO,NO
medisum,13510614-DS-13,True,YES,NO,NO
medisum,17782789-DS-22,True,YES,NO,YES
medisum,10035168-DS-18,True,YES,YES,YES
medisum,11387173-DS-21,True,YES,YES,YES
medisum,16182169-DS-2,False,YES,NO,YES
medisum,17575265-DS-4,True,NO,YES,YES
medisum,11475371-DS-13,False,YES,NO,NO
medisum,10074611-DS-12,True,NO,YES,YES
medisum,15170505-DS-22,False,NO,YES,YES
medisum,10353722-DS-15,False,YES,NO,NO
medisum,18379312-DS-12,True,YES,YES,YES
medisum,15073205-DS-22,True,YES,NO,YES
medisum,15996558-DS-12,True,YES,NO,YES
medisum,10185730-DS-15,True,YES,NO,NO
medisum,19955235-DS-5,True,YES,NO,NO
medisum,14493463-DS-10,True,NO,YES,YES
medisum,19382466-DS-20,True,YES,NO,NO
medisum,16436695-DS-4,True,YES,YES,YES
medisum,12002926-DS-21,True,YES,NO,NO
medisum,10643681-DS-23,True,YES,YES,YES
medisum,14679785-DS-29,False,YES,YES,YES
medisum,12904457-DS-14,False,YES,NO,NO
medisum,17475492-DS-2,True,YES,NO,NO
medisum,16739492-DS-5,True,NO,YES,YES
medisum,12457907-DS-14,False,YES,NO,YES
medisum,16108443-DS-8,True,YES,NO,YES
medisum,15210048-DS-2,True,YES,NO,NO
medisum,13975799-DS-16,True,YES,NO,YES
medisum,14566843-DS-13,True,YES,NO,YES
medisum,16335043-DS-15,False,YES,YES,YES
medisum,11818101-DS-56,True,YES,NO,NO
medisum,14388050-DS-20,True,YES,NO,YES
medisum,13341758-DS-13,True,YES,NO,NO
medisum,15126658-DS-4,True,YES,NO,NO
medisum,10705568-DS-10,False,YES,NO,YES
medisum,13439409-DS-19,True,NO,YES,YES
medisum,18832533-DS-6,True,YES,NO,NO
medisum,16833636-DS-19,True,YES,NO,YES
medisum,16514880-DS-15,True,YES,YES,YES
medisum,12475162-DS-18,False,YES,NO,YES
medisum,11989472-DS-6,True,NO,YES,YES
medisum,12008485-DS-17,True,YES,NO,NO
medisum,15762386-DS-2,True,YES,NO,NO
medisum,11910993-DS-16,True,YES,NO,YES
medisum,13748490-DS-5,True,NO,YES,YES
medisum,10882916-DS-63,True,YES,NO,YES
medisum,13041135-DS-13,True,NO,YES,YES
medisum,13036319-DS-16,True,YES,YES,YES
medisum,12947673-DS-34,True,NO,YES,YES
medisum,13031409-DS-20,True,YES,NO,NO
medisum,10509294-DS-14,True,YES,NO,NO
medisum,16909345-DS-2,False,YES,YES,YES
medisum,12706696-DS-16,False,YES,YES,YES
medisum,13465223-DS-19,True,YES,NO,NO
medisum,12860576-DS-26,False,YES,NO,YES
medisum,10296754-DS-2,True,YES,YES,YES
medisum,14386998-DS-18,False,NO,YES,YES
medisum,16966683-DS-2,True,YES,NO,YES
medisum,10774186-DS-16,False,YES,YES,YES
medisum,15964366-DS-16,False,YES,YES,YES
medisum,11994020-DS-4,False,YES,NO,NO
medisum,12749568-DS-21,True,NO,YES,YES
medisum,17767111-DS-9,True,YES,NO,NO
medisum,14020710-DS-15,True,YES,NO,NO
medisum,19265652-DS-36,True,NO,YES,YES
medisum,11710101-DS-16,True,NO,YES,YES
medisum,11044884-DS-9,False,YES,YES,YES
medisum,16917918-DS-13,False,YES,YES,YES
medisum,17033441-DS-31,True,NO,YES,YES
medisum,12682730-DS-20,True,YES,NO,NO
medisum,10511944-DS-17,True,NO,YES,YES
medisum,13775070-DS-9,False,YES,NO,YES
medisum,18169660-DS-27,True,NO,YES,YES
medisum,13668731-DS-23,True,NO,YES,YES
medisum,19762562-DS-10,True,YES,YES,YES
medisum,17482961-DS-11,True,YES,YES,YES
medisum,17230558-DS-27,False,YES,YES,YES
medisum,17172139-DS-6,True,NO,YES,YES
medisum,17046180-DS-11,True,NO,YES,YES
medisum,10913302-DS-61,False,NO,YES,YES
medisum,12960028-DS-20,True,NO,YES,YES
medisum,18115365-DS-33,True,YES,NO,YES
medisum,16514118-DS-21,True,YES,NO,NO
medisum,16768427-DS-25,True,YES,NO,YES
medisum,18287972-DS-19,True,YES,NO,NO
medisum,12772067-DS-6,True,YES,NO,YES
medisum,15498960-DS-11,True,NO,YES,YES
medisum,17602938-DS-9,True,YES,NO,YES
medisum,18751587-DS-7,True,YES,NO,NO
medisum,16669225-DS-25,True,NO,YES,NO
medisum,11192597-DS-2,True,YES,NO,YES
medisum,10900387-DS-27,False,YES,YES,YES
medisum,16981021-DS-5,True,YES,YES,YES
medisum,13539542-DS-22,True,YES,NO,NO
medisum,14722981-DS-20,True,YES,NO,NO
medisum,12677040-DS-25,False,YES,NO,NO
medisum,12246674-DS-22,True,YES,NO,YES
medisum,11803754-DS-14,True,YES,YES,YES
medisum,18872500-DS-4,True,YES,NO,YES
medisum,13582085-DS-12,False,NO,YES,YES
medisum,14554105-DS-7,True,YES,YES,YES
medisum,18092322-DS-10,True,YES,YES,YES
medisum,10207476-DS-26,True,YES,NO,YES
medisum,13224784-DS-16,False,NO,YES,YES
medisum,16529945-DS-10,True,YES,NO,YES
medisum,11132535-DS-19,True,NO,YES,YES
medisum,14604131-DS-27,True,NO,YES,YES
medisum,11964186-DS-23,True,YES,YES,YES
medisum,13297743-DS-60,True,NO,YES,YES
medisum,15992385-DS-10,True,YES,NO,NO
medisum,19555758-DS-10,True,YES,NO,YES
medisum,11640071-DS-5,True,YES,YES,YES
medisum,10323088-DS-10,True,YES,NO,NO
medisum,15696189-DS-20,True,YES,YES,YES
medisum,19647621-DS-20,True,YES,NO,NO
medisum,13581561-DS-4,False,NO,YES,YES
medisum,13913641-DS-5,True,NO,YES,YES
medisum,18477522-DS-13,True,YES,NO,NO
medisum,19167522-DS-15,True,YES,NO,YES
medisum,12502961-DS-9,True,YES,NO,YES
medisum,17976137-DS-15,False,YES,NO,YES
medisum,18567979-DS-25,False,YES,YES,YES
medisum,15727523-DS-25,True,YES,NO,NO
medisum,11985307-DS-20,True,NO,YES,YES
medisum,12588102-DS-17,False,NO,YES,YES
medisum,13943206-DS-18,True,YES,NO,NO
medisum,19489119-DS-21,False,NO,YES,NO
medisum,13981687-DS-10,True,NO,YES,YES
medisum,12628850-DS-5,True,YES,NO,NO
medisum,12224662-DS-8,True,NO,YES,YES
medisum,13022039-DS-21,True,NO,YES,YES
medisum,18892635-DS-60,True,NO,YES,YES
medisum,16504368-DS-20,True,YES,NO,YES
medisum,13287925-DS-10,True,NO,YES,YES
medisum,11164979-DS-31,False,YES,NO,YES
medisum,10581279-DS-13,True,NO,YES,YES
medisum,14009425-DS-2,True,YES,NO,YES
medisum,11684467-DS-30,True,NO,YES,YES
medisum,15711244-DS-21,True,NO,YES,YES
medisum,19343869-DS-12,True,NO,YES,YES
medisum,11867636-DS-3,True,NO,YES,YES
medisum,15958365-DS-8,True,YES,NO,NO
medisum,12614778-DS-10,True,YES,NO,NO
medisum,14918823-DS-11,True,YES,NO,NO
medisum,15871582-DS-14,True,NO,YES,YES
medisum,12333937-DS-25,True,YES,NO,YES
medisum,15348074-DS-12,False,NO,YES,YES
medisum,12906270-DS-19,True,NO,YES,YES
medisum,19123301-DS-16,False,YES,YES,YES
medisum,13930571-DS-23,True,NO,YES,YES
medisum,16137844-DS-14,True,YES,YES,YES
medisum,13492931-DS-20,True,NO,YES,YES
medisum,18011403-DS-8,True,NO,YES,YES
medisum,10748105-DS-5,True,YES,YES,YES
medisum,11731442-DS-18,True,NO,YES,YES
medisum,18949570-DS-13,True,NO,YES,YES
medisum,14794992-DS-25,False,NO,YES,YES
medisum,12036182-DS-17,True,YES,NO,YES
medisum,19122474-DS-13,True,YES,NO,YES
medisum,10319938-DS-9,False,YES,NO,YES
medisum,13924592-DS-12,False,NO,YES,YES
medisum,16741854-DS-24,False,YES,YES,YES
medisum,12384056-DS-19,True,NO,YES,YES
medisum,19680373-DS-15,True,YES,NO,YES
medisum,15016631-DS-17,False,YES,NO,NO
medisum,14805217-DS-14,True,YES,NO,NO
medisum,16249756-DS-15,False,YES,NO,YES
medisum,16243113-DS-12,True,YES,NO,YES
medisum,16802980-DS-15,False,YES,YES,YES
medisum,11173810-DS-9,False,YES,NO,YES
medisum,14033504-DS-9,True,YES,NO,YES
medisum,17143141-DS-20,True,YES,NO,YES
medisum,15057889-DS-21,False,YES,NO,YES
medisum,15093518-DS-14,True,YES,NO,YES
medisum,14993494-DS-16,True,NO,YES,YES
medisum,16384274-DS-15,True,YES,NO,NO
medisum,10670705-DS-35,True,YES,YES,YES
medisum,17607747-DS-13,True,YES,NO,YES
medisum,16800555-DS-17,False,YES,YES,YES
medisum,14202013-DS-17,True,YES,NO,YES
medisum,18100475-DS-10,False,NO,YES,YES
medisum,15511499-DS-2,False,NO,YES,YES
medisum,10357000-DS-17,True,YES,NO,NO
medisum,10326564-DS-13,True,YES,NO,NO
medisum,15282721-DS-8,True,YES,NO,NO
medisum,17701872-DS-21,True,YES,NO,YES
medisum,13696617-DS-5,True,YES,NO,NO
medisum,16412832-DS-12,True,YES,NO,NO
medisum,19243401-DS-18,True,NO,YES,YES
medisum,13678157-DS-8,False,YES,NO,YES
medisum,15350375-DS-3,False,YES,NO,YES
medisum,15681309-DS-16,False,YES,YES,NO
medisum,12494685-DS-21,True,YES,YES,YES
medisum,12507642-DS-14,True,NO,YES,YES
medisum,18257430-DS-12,True,YES,NO,NO
medisum,19622090-DS-13,True,NO,YES,YES
medisum,12419572-DS-13,True,NO,YES,YES
medisum,17859194-DS-29,True,NO,YES,YES
medisum,13798580-DS-14,True,NO,YES,YES
medisum,17467341-DS-3,False,YES,YES,YES
medisum,16515451-DS-21,True,YES,NO,NO
medisum,18272276-DS-5,True,NO,YES,YES
medisum,13506561-DS-7,True,YES,YES,YES
medisum,18569484-DS-15,True,YES,NO,YES
medisum,14646223-DS-18,True,YES,NO,YES
medisum,14984178-DS-18,False,NO,YES,YES
medisum,12767388-DS-22,True,NO,NO,NO
medisum,14960437-DS-11,True,YES,NO,NO
medisum,17209226-DS-45,True,NO,YES,YES
medisum,16285950-DS-16,True,NO,YES,YES
medisum,12157164-DS-21,False,YES,NO,NO
medisum,10564929-DS-7,True,YES,NO,NO
medisum,17675016-DS-5,True,NO,YES,YES
medisum,14810850-DS-10,True,NO,YES,YES
medisum,15706668-DS-7,True,YES,NO,YES
medisum,14127028-DS-22,True,NO,YES,YES
medisum,19466228-DS-20,True,NO,YES,YES
medisum,14634594-DS-24,True,YES,YES,YES
medisum,14423216-DS-23,True,NO,YES,YES
medisum,12373655-DS-14,True,YES,YES,YES
medisum,16959871-DS-11,True,YES,YES,YES
medisum,15983550-DS-52,True,YES,NO,YES
medisum,18131667-DS-48,True,YES,YES,YES
medisum,16732636-DS-3,True,YES,NO,NO
medisum,12532170-DS-16,False,YES,YES,YES
medisum,12938377-DS-16,True,YES,NO,NO
medisum,18279119-DS-13,True,YES,NO,NO
medisum,10108132-DS-20,True,YES,NO,NO
medisum,19026974-DS-14,True,YES,NO,YES
medisum,12606543-DS-47,True,YES,NO,YES
medisum,19998591-DS-8,True,NO,YES,YES
medisum,19613608-DS-7,True,NO,YES,YES
medisum,18841214-DS-21,True,NO,YES,YES
medisum,17023838-DS-10,True,NO,YES,YES
medisum,17859194-DS-24,True,YES,NO,NO
medisum,16393879-DS-22,True,NO,YES,YES
medisum,18652620-DS-17,False,YES,YES,YES
medisum,17309692-DS-17,True,YES,NO,YES
medisum,13945603-DS-21,True,YES,NO,YES
medisum,13010698-DS-13,True,NO,YES,NO
medisum,19530697-DS-4,True,NO,YES,YES
medisum,14796314-DS-12,True,NO,YES,YES
medisum,14746255-DS-21,True,NO,YES,YES
medisum,17142246-DS-21,False,YES,YES,YES
medisum,13158454-DS-40,False,YES,NO,YES
medisum,15364849-DS-22,True,YES,NO,YES
medisum,19575017-DS-3,True,NO,NO,NO
medisum,15865848-DS-15,True,YES,YES,YES
medisum,15971330-DS-16,False,YES,NO,NO
medisum,14374453-DS-13,True,NO,YES,YES
medisum,15775412-DS-14,True,NO,YES,YES
medisum,19744711-DS-7,True,YES,NO,YES
medisum,14583843-DS-5,True,NO,YES,YES
medisum,17448088-DS-9,True,YES,NO,YES
medisum,19823744-DS-8,True,YES,NO,YES
medisum,10585182-DS-6,True,NO,YES,YES
medisum,12091866-DS-21,False,YES,NO,NO
medisum,16439884-DS-37,False,YES,NO,YES
medisum,12049215-DS-3,True,YES,YES,YES
medisum,10083754-DS-13,True,YES,NO,NO
medisum,16003514-DS-12,False,YES,YES,YES
medisum,19043444-DS-18,True,NO,YES,YES
medisum,13840464-DS-33,True,YES,NO,NO
medisum,12597602-DS-16,False,YES,NO,YES
medisum,12399828-DS-7,True,NO,YES,YES
medisum,19906669-DS-17,True,NO,YES,YES
medisum,12557215-DS-3,True,YES,YES,YES
medisum,16812522-DS-6,True,YES,NO,NO
medisum,19425318-DS-19,True,YES,NO,YES
medisum,12138659-DS-15,True,NO,YES,YES
medisum,14806911-DS-20,True,NO,YES,YES
medisum,10242886-DS-17,True,YES,NO,NO
medisum,19321088-DS-19,True,YES,NO,YES
medisum,11236474-DS-27,True,NO,YES,YES
medisum,14439178-DS-7,True,NO,YES,YES
medisum,15606157-DS-30,True,NO,YES,YES
medisum,11888614-DS-42,True,YES,YES,YES
acibench,D2N168,True,YES,NO,NO
acibench,D2N169,True,YES,NO,YES
acibench,D2N170,True,YES,NO,YES
acibench,D2N171,True,YES,NO,YES
acibench,D2N172,True,YES,NO,NO
acibench,D2N173,True,YES,YES,YES
acibench,D2N174,True,YES,NO,YES
acibench,D2N175,True,YES,NO,YES
acibench,D2N176,True,YES,NO,NO
acibench,D2N177,True,YES,NO,YES
acibench,D2N178,True,YES,NO,YES
acibench,D2N179,True,NO,YES,YES
acibench,D2N180,True,YES,NO,YES
acibench,D2N181,True,YES,YES,YES
acibench,D2N182,True,YES,YES,YES
acibench,D2N183,True,YES,NO,NO
acibench,D2N184,True,YES,NO,NO
acibench,D2N185,True,YES,YES,YES
acibench,D2N186,True,YES,NO,YES
acibench,D2N187,True,YES,NO,NO
acibench,D2N188,True,YES,NO,NO
acibench,D2N189,True,YES,NO,YES
acibench,D2N190,True,YES,YES,YES
acibench,D2N191,True,YES,YES,YES
acibench,D2N192,True,YES,NO,YES
acibench,D2N193,True,YES,NO,YES
acibench,D2N194,True,YES,NO,YES
acibench,D2N195,True,YES,NO,YES
acibench,D2N196,True,YES,NO,YES
acibench,D2N197,True,YES,NO,YES
acibench,D2N198,True,YES,NO,YES
acibench,D2N199,True,YES,NO,YES
acibench,D2N200,True,YES,NO,YES
acibench,D2N201,True,YES,NO,YES
acibench,D2N202,True,YES,NO,YES
acibench,D2N203,True,YES,NO,NO
acibench,D2N204,True,YES,NO,YES
acibench,D2N205,True,YES,NO,NO
acibench,D2N206,True,YES,YES,YES
acibench,D2N207,True,YES,NO,YES
acibench,D2N088,True,YES,YES,YES
acibench,D2N089,True,YES,NO,YES
acibench,D2N090,True,YES,NO,YES
acibench,D2N091,True,YES,YES,NO
acibench,D2N092,True,YES,YES,NO
acibench,D2N093,True,YES,YES,YES
acibench,D2N094,True,YES,YES,NO
acibench,D2N095,True,YES,NO,YES
acibench,D2N096,True,YES,YES,NO
acibench,D2N097,True,YES,NO,YES
acibench,D2N098,True,YES,NO,NO
acibench,D2N099,True,YES,NO,NO
acibench,D2N100,True,YES,YES,NO
acibench,D2N101,True,NO,YES,NO
acibench,D2N102,True,YES,YES,NO
acibench,D2N103,True,YES,NO,NO
acibench,D2N104,True,YES,NO,NO
acibench,D2N105,True,YES,YES,YES
acibench,D2N106,True,YES,NO,YES
acibench,D2N107,True,YES,NO,NO
acibench,D2N108,True,YES,NO,YES
acibench,D2N109,True,YES,NO,YES
acibench,D2N110,True,YES,NO,YES
acibench,D2N111,True,YES,NO,YES
acibench,D2N112,True,YES,YES,NO
acibench,D2N113,True,NO,NO,YES
acibench,D2N114,True,NO,NO,YES
acibench,D2N115,True,YES,NO,YES
acibench,D2N116,True,YES,NO,YES
acibench,D2N117,True,YES,NO,YES
acibench,D2N118,True,YES,NO,YES
acibench,D2N119,True,YES,NO,NO
acibench,D2N120,True,YES,NO,NO
acibench,D2N121,True,YES,NO,YES
acibench,D2N122,True,YES,YES,YES
acibench,D2N123,True,YES,YES,YES
acibench,D2N124,True,YES,NO,YES
acibench,D2N125,True,YES,NO,YES
acibench,D2N126,True,YES,NO,YES
acibench,D2N127,True,YES,NO,YES
acibench,D2N128,True,YES,NO,YES
acibench,D2N129,True,YES,YES,NO
acibench,D2N130,True,YES,NO,NO
acibench,D2N131,True,YES,NO,YES
acibench,D2N132,True,YES,NO,NO
acibench,D2N133,True,YES,YES,NO
acibench,D2N134,True,YES,YES,YES
acibench,D2N135,True,YES,NO,YES
acibench,D2N136,True,YES,NO,YES
acibench,D2N137,True,YES,YES,NO
acibench,D2N138,True,YES,NO,NO
acibench,D2N139,True,YES,YES,YES
acibench,D2N140,True,YES,NO,NO
acibench,D2N141,True,YES,YES,NO
acibench,D2N142,True,YES,YES,NO
acibench,D2N143,True,NO,NO,YES
acibench,D2N144,True,YES,NO,YES
acibench,D2N145,True,YES,NO,NO
acibench,D2N146,True,YES,YES,NO
acibench,D2N147,True,YES,NO,YES
acibench,D2N148,True,YES,NO,YES
acibench,D2N149,True,YES,NO,YES
acibench,D2N150,True,YES,NO,YES
acibench,D2N151,True,YES,NO,YES
acibench,D2N152,True,YES,NO,YES
acibench,D2N153,True,YES,NO,NO
acibench,D2N154,True,YES,NO,YES
acibench,D2N155,True,YES,NO,YES
acibench,D2N156,True,YES,YES,YES
acibench,D2N157,True,YES,YES,YES
acibench,D2N158,True,YES,NO,YES
acibench,D2N159,True,YES,NO,YES
acibench,D2N160,True,YES,NO,YES
acibench,D2N161,True,YES,NO,YES
acibench,D2N162,True,YES,NO,NO
acibench,D2N163,True,YES,NO,YES
acibench,D2N164,True,YES,YES,YES
acibench,D2N165,True,YES,NO,NO
acibench,D2N166,True,YES,NO,NO
acibench,D2N167,True,YES,NO,NO
acibench,D2N001,True,YES,NO,YES
acibench,D2N002,True,YES,NO,YES
acibench,D2N003,True,YES,NO,YES
acibench,D2N004,True,YES,NO,YES
acibench,D2N005,True,YES,YES,NO
acibench,D2N006,True,YES,NO,YES
acibench,D2N007,True,YES,NO,YES
acibench,D2N008,True,YES,NO,YES
acibench,D2N009,True,YES,NO,YES
acibench,D2N010,True,YES,NO,YES
acibench,D2N011,True,YES,NO,YES
acibench,D2N012,True,YES,NO,YES
acibench,D2N013,True,YES,NO,YES
acibench,D2N014,True,YES,NO,NO
acibench,D2N015,True,YES,NO,NO
acibench,D2N016,True,YES,NO,YES
acibench,D2N017,True,YES,NO,NO
acibench,D2N018,True,YES,YES,NO
acibench,D2N019,True,YES,NO,NO
acibench,D2N020,True,YES,NO,YES
acibench,D2N021,True,YES,NO,NO
acibench,D2N022,True,YES,NO,NO
acibench,D2N023,True,YES,YES,NO
acibench,D2N024,True,YES,NO,NO
acibench,D2N025,True,YES,YES,YES
acibench,D2N026,True,YES,YES,YES
acibench,D2N027,True,NO,NO,YES
acibench,D2N028,True,YES,NO,YES
acibench,D2N029,True,YES,YES,YES
acibench,D2N030,True,YES,NO,YES
acibench,D2N031,True,NO,YES,YES
acibench,D2N032,True,YES,NO,NO
acibench,D2N033,True,YES,NO,YES
acibench,D2N034,True,YES,NO,YES
acibench,D2N035,True,YES,NO,YES
acibench,D2N036,True,YES,YES,YES
acibench,D2N037,True,NO,NO,YES
acibench,D2N038,True,NO,NO,YES
acibench,D2N039,True,YES,NO,YES
acibench,D2N040,True,YES,NO,YES
acibench,D2N041,True,YES,NO,YES
acibench,D2N042,True,YES,NO,NO
acibench,D2N043,True,YES,YES,YES
acibench,D2N044,True,YES,NO,YES
acibench,D2N045,True,YES,YES,YES
acibench,D2N046,True,YES,NO,YES
acibench,D2N047,True,YES,NO,YES
acibench,D2N048,True,YES,YES,NO
acibench,D2N049,True,YES,NO,YES
acibench,D2N050,True,YES,NO,YES
acibench,D2N051,True,YES,NO,YES
acibench,D2N052,True,YES,YES,YES
acibench,D2N053,True,YES,NO,NO
acibench,D2N054,True,YES,YES,YES
acibench,D2N055,True,NO,NO,NO
acibench,D2N056,True,YES,NO,YES
acibench,D2N057,True,YES,NO,NO
acibench,D2N058,True,YES,YES,YES
acibench,D2N059,True,YES,NO,YES
acibench,D2N060,True,YES,NO,YES
acibench,D2N061,True,YES,YES,NO
acibench,D2N062,True,YES,NO,YES
acibench,D2N063,True,YES,NO,YES
acibench,D2N064,True,YES,NO,NO
acibench,D2N065,True,YES,NO,NO
acibench,D2N066,True,YES,NO,YES
acibench,D2N067,True,YES,NO,NO
acibench,D2N068,True,YES,NO,YES
acibench,D2N069,True,YES,YES,NO
acibench,D2N070,True,YES,NO,YES
acibench,D2N071,True,YES,NO,YES
acibench,D2N072,True,YES,YES,NO
acibench,D2N073,True,YES,YES,YES
acibench,D2N074,True,YES,NO,YES
acibench,D2N075,True,NO,NO,NO
acibench,D2N076,True,NO,YES,YES
acibench,D2N077,True,YES,NO,NO
acibench,D2N078,True,YES,NO,YES
acibench,D2N079,True,YES,NO,YES
acibench,D2N080,True,YES,NO,YES
acibench,D2N081,True,YES,NO,YES
acibench,D2N082,True,NO,NO,YES
acibench,D2N083,True,YES,NO,NO
acibench,D2N084,True,YES,NO,YES
acibench,D2N085,True,YES,NO,YES
acibench,D2N086,True,YES,YES,YES
acibench,D2N087,True,YES,NO,YES
mimic_bhc,19764408-DS-26,True,YES,NO,YES
mimic_bhc,11777840-DS-2,True,YES,YES,YES
mimic_bhc,14712275-DS-13,True,YES,NO,YES
mimic_bhc,18448731-DS-6,True,NO,YES,YES
mimic_bhc,15655176-DS-9,True,YES,NO,YES
mimic_bhc,12800620-DS-19,True,YES,YES,YES
mimic_bhc,19120458-DS-19,True,NO,NO,NO
mimic_bhc,13188963-DS-47,True,YES,YES,YES
mimic_bhc,15332104-DS-12,True,YES,YES,YES
mimic_bhc,18099419-DS-8,True,YES,NO,YES
mimic_bhc,14062020-DS-4,True,YES,NO,YES
mimic_bhc,10764017-DS-22,True,NO,YES,YES
mimic_bhc,10614625-DS-29,True,YES,YES,YES
mimic_bhc,11988783-DS-10,True,NO,YES,YES
mimic_bhc,15612850-DS-20,True,YES,NO,NO
mimic_bhc,19818004-DS-13,True,NO,NO,NO
mimic_bhc,14592231-DS-8,True,YES,YES,YES
mimic_bhc,12122630-DS-12,True,YES,YES,YES
mimic_bhc,13017503-DS-21,True,NO,YES,YES
mimic_bhc,14257684-DS-13,True,YES,YES,YES
mimic_bhc,11167119-DS-5,True,YES,YES,NO
mimic_bhc,13177245-DS-7,True,NO,YES,YES
mimic_bhc,18005750-DS-19,True,NO,YES,YES
mimic_bhc,16422482-DS-26,True,YES,YES,YES
mimic_bhc,19343869-DS-11,True,YES,NO,NO
mimic_bhc,19449941-DS-12,True,NO,NO,NO
mimic_bhc,11188622-DS-13,True,YES,NO,NO
mimic_bhc,10830719-DS-15,True,NO,YES,YES
mimic_bhc,18470400-DS-2,True,YES,NO,NO
mimic_bhc,16251768-DS-15,True,YES,YES,YES
mimic_bhc,19499595-DS-19,True,YES,YES,YES
mimic_bhc,13801937-DS-21,True,YES,YES,YES
mimic_bhc,16546330-DS-19,True,NO,YES,YES
mimic_bhc,18785320-DS-15,True,YES,NO,NO
mimic_bhc,13127894-DS-21,True,NO,YES,YES
mimic_bhc,18330000-DS-19,True,YES,NO,NO
mimic_bhc,17451128-DS-16,True,YES,YES,YES
mimic_bhc,10447862-DS-11,True,YES,YES,YES
mimic_bhc,18219834-DS-5,True,NO,YES,YES
mimic_bhc,12066347-DS-14,True,NO,YES,YES
mimic_bhc,17292797-DS-20,True,NO,YES,YES
mimic_bhc,13129329-DS-17,True,YES,YES,YES
mimic_bhc,16090569-DS-11,True,NO,YES,YES
mimic_bhc,12741969-DS-15,True,YES,NO,YES
mimic_bhc,15319814-DS-3,True,NO,YES,YES
mimic_bhc,12733064-DS-12,True,YES,YES,YES
mimic_bhc,18589593-DS-22,True,NO,YES,YES
mimic_bhc,11337568-DS-4,True,YES,NO,NO
mimic_bhc,15555903-DS-11,True,NO,YES,YES
mimic_bhc,12942632-DS-21,True,YES,NO,YES
mimic_bhc,18447719-DS-44,True,NO,YES,YES
mimic_bhc,18331242-DS-2,True,YES,NO,YES
mimic_bhc,16183826-DS-3,True,YES,YES,YES
mimic_bhc,14838744-DS-4,True,NO,YES,YES
mimic_bhc,19340375-DS-17,True,NO,NO,NO
mimic_bhc,18781218-DS-19,True,YES,YES,YES
mimic_bhc,10387377-DS-14,True,YES,NO,YES
mimic_bhc,10976739-DS-25,True,YES,YES,YES
mimic_bhc,16856510-DS-23,True,YES,YES,NO
mimic_bhc,15966360-DS-21,True,YES,NO,NO
mimic_bhc,16762226-DS-6,True,YES,YES,YES
mimic_bhc,18090987-DS-2,True,YES,YES,YES
mimic_bhc,14574076-DS-17,True,YES,YES,YES
mimic_bhc,11429437-DS-13,True,YES,YES,YES
mimic_bhc,15182731-DS-12,True,YES,NO,YES
mimic_bhc,12304678-DS-6,True,NO,YES,YES
mimic_bhc,16913594-DS-21,True,NO,YES,YES
mimic_bhc,12240454-DS-20,True,YES,NO,NO
mimic_bhc,12040844-DS-19,True,YES,YES,YES
mimic_bhc,13972513-DS-32,True,NO,YES,YES
mimic_bhc,12208770-DS-10,True,YES,YES,YES
mimic_bhc,19517966-DS-15,True,YES,NO,YES
mimic_bhc,14281337-DS-21,True,NO,YES,YES
mimic_bhc,15296771-DS-14,True,YES,YES,YES
mimic_bhc,14816616-DS-15,True,YES,NO,NO
mimic_bhc,10913302-DS-32,True,NO,YES,YES
mimic_bhc,11899964-DS-24,True,NO,YES,YES
mimic_bhc,14304984-DS-22,True,YES,NO,NO
mimic_bhc,14854816-DS-3,True,YES,NO,YES
mimic_bhc,13021846-DS-19,True,YES,YES,YES
mimic_bhc,19901341-DS-7,True,NO,YES,YES
mimic_bhc,19699086-DS-12,True,YES,NO,NO
mimic_bhc,11947568-DS-19,True,YES,YES,YES
mimic_bhc,15543611-DS-12,True,NO,YES,YES
mimic_bhc,11646398-DS-4,True,YES,YES,YES
mimic_bhc,13707575-DS-7,True,YES,NO,YES
mimic_bhc,16614639-DS-9,True,NO,YES,YES
mimic_bhc,10991594-DS-5,True,YES,NO,NO
mimic_bhc,12751607-DS-9,True,NO,YES,YES
mimic_bhc,19446872-DS-16,True,NO,YES,YES
mimic_bhc,14083248-DS-7,True,NO,YES,YES
mimic_bhc,17208152-DS-26,True,YES,NO,NO
mimic_bhc,12681365-DS-19,True,NO,YES,YES
mimic_bhc,11852913-DS-7,True,YES,NO,YES
mimic_bhc,10738640-DS-9,True,YES,NO,NO
mimic_bhc,17875379-DS-6,True,NO,YES,YES
mimic_bhc,14067930-DS-17,True,YES,YES,YES
mimic_bhc,19053877-DS-22,True,NO,YES,YES
mimic_bhc,12312175-DS-20,True,NO,YES,YES
mimic_bhc,12397321-DS-13,True,YES,YES,YES
mimic_bhc,14596642-DS-19,True,YES,YES,YES
mimic_bhc,14073567-DS-18,True,YES,YES,NO
mimic_bhc,11533366-DS-21,True,YES,YES,YES
mimic_bhc,15866760-DS-14,True,YES,YES,NO
mimic_bhc,10370124-DS-27,True,YES,YES,NO
mimic_bhc,17227951-DS-16,True,NO,YES,YES
mimic_bhc,11713986-DS-5,True,YES,YES,YES
mimic_bhc,12934024-DS-35,True,YES,YES,YES
mimic_bhc,14755254-DS-17,True,YES,NO,YES
mimic_bhc,10948902-DS-18,True,NO,YES,YES
mimic_bhc,19806663-DS-6,True,YES,NO,YES
mimic_bhc,12517625-DS-17,True,YES,NO,YES
mimic_bhc,19960839-DS-17,True,NO,YES,YES
mimic_bhc,11829995-DS-23,True,YES,NO,NO
mimic_bhc,12228097-DS-8,True,YES,NO,NO
mimic_bhc,16846280-DS-24,True,YES,YES,YES
mimic_bhc,18376342-DS-53,True,YES,YES,YES
mimic_bhc,15386860-DS-4,True,NO,YES,YES
mimic_bhc,17224212-DS-17,True,YES,YES,NO
mimic_bhc,13901573-DS-25,True,YES,NO,YES
mimic_bhc,17741087-DS-5,True,NO,YES,YES
mimic_bhc,18378890-DS-4,True,YES,NO,YES
mimic_bhc,14389985-DS-9,True,NO,YES,YES
mimic_bhc,14191505-DS-11,True,NO,YES,YES
mimic_bhc,14931360-DS-17,True,YES,YES,YES
mimic_bhc,10510857-DS-14,True,YES,YES,YES
mimic_bhc,14088814-DS-12,True,NO,YES,YES
mimic_bhc,18277861-DS-20,True,NO,NO,NO
mimic_bhc,11071428-DS-18,True,YES,NO,NO
mimic_bhc,16768535-DS-6,True,YES,YES,YES
mimic_bhc,19573204-DS-18,True,NO,NO,NO
mimic_bhc,12053896-DS-30,True,NO,YES,YES
mimic_bhc,13302217-DS-17,True,YES,YES,YES
mimic_bhc,13121092-DS-15,True,YES,NO,NO
mimic_bhc,17906556-DS-10,True,NO,YES,YES
mimic_bhc,12200502-DS-11,True,YES,NO,NO
mimic_bhc,18129640-DS-15,True,YES,NO,NO
mimic_bhc,14292570-DS-18,True,YES,YES,YES
mimic_bhc,16809525-DS-31,True,YES,NO,NO
mimic_bhc,12233384-DS-44,True,YES,NO,YES
mimic_bhc,10543835-DS-14,True,YES,YES,YES
mimic_bhc,19299056-DS-18,True,YES,YES,YES
mimic_bhc,19078596-DS-8,True,YES,NO,NO
mimic_bhc,16275349-DS-4,True,YES,YES,YES
mimic_bhc,15110743-DS-19,True,NO,YES,YES
mimic_bhc,15242959-DS-8,True,YES,YES,YES
mimic_bhc,16463772-DS-6,True,YES,YES,NO
mimic_bhc,10223685-DS-24,True,NO,YES,YES
mimic_bhc,17462585-DS-24,True,YES,YES,YES
mimic_bhc,18870709-DS-10,True,NO,YES,YES
mimic_bhc,18970086-DS-70,True,YES,NO,YES
mimic_bhc,10434488-DS-22,True,NO,YES,YES
mimic_bhc,10685081-DS-8,True,YES,NO,NO
mimic_bhc,16459037-DS-16,True,NO,YES,YES
mimic_bhc,13325443-DS-13,True,YES,YES,NO
mimic_bhc,12035989-DS-18,True,YES,YES,YES
mimic_bhc,10552974-DS-16,True,YES,NO,YES
mimic_bhc,10491470-DS-3,True,YES,NO,YES
mimic_bhc,15233607-DS-20,True,YES,NO,NO
mimic_bhc,12239159-DS-18,True,YES,NO,NO
mimic_bhc,12400287-DS-18,True,NO,YES,YES
mimic_bhc,12403312-DS-17,True,YES,NO,YES
mimic_bhc,17869768-DS-7,True,YES,YES,YES
mimic_bhc,13238110-DS-4,True,NO,YES,YES
mimic_bhc,18022969-DS-15,True,NO,YES,YES
mimic_bhc,12851842-DS-13,True,YES,YES,YES
mimic_bhc,18655830-DS-57,True,YES,NO,NO
mimic_bhc,10401337-DS-11,True,YES,YES,YES
mimic_bhc,11214417-DS-23,True,YES,YES,YES
mimic_bhc,10600505-DS-13,True,YES,YES,YES
mimic_bhc,19606963-DS-23,False,YES,YES,YES
mimic_bhc,16074663-DS-18,True,YES,YES,YES
mimic_bhc,13496639-DS-20,True,NO,YES,YES
mimic_bhc,16172736-DS-14,True,YES,NO,YES
mimic_bhc,17668166-DS-5,True,YES,YES,YES
mimic_bhc,13586954-DS-22,True,NO,YES,YES
mimic_bhc,13435200-DS-11,True,YES,NO,NO
mimic_bhc,13349207-DS-6,True,NO,YES,NO
mimic_bhc,16485341-DS-11,True,YES,YES,YES
mimic_bhc,19241675-DS-6,True,NO,YES,YES
mimic_bhc,11835990-DS-16,True,YES,NO,YES
mimic_bhc,14860771-DS-13,True,YES,NO,NO
mimic_bhc,19612461-DS-22,True,YES,YES,YES
mimic_bhc,10621304-DS-11,True,YES,NO,YES
mimic_bhc,10039708-DS-20,True,NO,YES,YES
mimic_bhc,16522884-DS-17,True,NO,YES,YES
mimic_bhc,18507022-DS-13,True,YES,YES,YES
mimic_bhc,15301848-DS-4,True,NO,YES,YES
mimic_bhc,10737988-DS-9,True,YES,NO,YES
mimic_bhc,15434830-DS-27,True,YES,YES,YES
mimic_bhc,10789538-DS-21,True,YES,YES,YES
mimic_bhc,13371361-DS-15,True,NO,YES,YES
mimic_bhc,15110728-DS-27,True,NO,YES,YES
mimic_bhc,19907026-DS-19,True,YES,YES,YES
mimic_bhc,18490355-DS-17,True,YES,YES,YES
mimic_bhc,15282328-DS-14,True,YES,NO,YES
mimic_bhc,15773840-DS-12,True,YES,YES,NO
mimic_bhc,16940456-DS-4,True,YES,YES,YES
mimic_bhc,11511592-DS-5,True,YES,YES,YES
mimic_bhc,18866038-DS-5,True,YES,NO,YES
mimic_bhc,13513232-DS-16,True,NO,YES,YES
mimic_bhc,15213611-DS-17,True,YES,YES,NO
mimic_bhc,16573207-DS-22,True,YES,NO,NO
mimic_bhc,19064985-DS-21,True,YES,YES,YES
mimic_bhc,18618203-DS-35,True,YES,NO,YES
mimic_bhc,12884456-DS-13,True,YES,NO,NO
mimic_bhc,12650779-DS-14,True,NO,YES,YES
mimic_bhc,11200955-DS-16,True,YES,NO,NO
mimic_bhc,12285306-DS-25,True,YES,NO,NO
mimic_bhc,14743145-DS-12,True,YES,YES,YES
mimic_bhc,14962882-DS-19,True,NO,YES,NO
mimic_bhc,11463678-DS-19,True,YES,YES,YES
mimic_bhc,16405783-DS-16,True,NO,YES,YES
mimic_bhc,11816734-DS-14,True,NO,YES,YES
mimic_bhc,12851703-DS-17,True,YES,NO,YES
mimic_bhc,19414987-DS-24,True,YES,YES,YES
mimic_bhc,10584345-DS-21,True,YES,NO,YES
mimic_bhc,19723362-DS-10,True,NO,YES,YES
mimic_bhc,12857152-DS-19,True,YES,YES,YES
mimic_bhc,14610210-DS-7,True,YES,YES,YES
mimic_bhc,19880967-DS-22,True,NO,YES,YES
mimic_bhc,10904848-DS-9,True,NO,YES,YES
mimic_bhc,17652373-DS-13,True,YES,NO,YES
mimic_bhc,10429070-DS-15,True,YES,NO,NO
mimic_bhc,13645478-DS-21,True,YES,NO,NO
mimic_bhc,14248238-DS-12,True,NO,YES,YES
mimic_bhc,11239989-DS-13,True,YES,NO,NO
mimic_bhc,11993750-DS-4,True,YES,YES,YES
mimic_bhc,13104650-DS-22,True,NO,YES,YES
mimic_bhc,19021089-DS-21,True,NO,YES,YES
mimic_bhc,17975880-DS-3,True,NO,YES,YES
mimic_bhc,13521705-DS-18,True,NO,YES,YES
mimic_bhc,15184918-DS-17,True,YES,NO,YES
mimic_bhc,10284284-DS-10,True,YES,YES,YES
mimic_bhc,19943350-DS-19,True,YES,YES,YES
mimic_bhc,10707963-DS-22,True,NO,YES,YES
mimic_bhc,10599949-DS-24,True,NO,YES,YES
mimic_bhc,13543584-DS-15,True,YES,YES,YES
mimic_bhc,12510794-DS-21,True,NO,YES,YES
mimic_bhc,15709718-DS-17,True,YES,YES,YES
mimic_bhc,11538575-DS-13,True,YES,NO,YES
mimic_bhc,16819734-DS-27,True,YES,YES,YES
mimic_bhc,17075818-DS-22,True,NO,YES,YES
mimic_bhc,12797435-DS-9,True,YES,YES,NO
mimic_bhc,13591121-DS-17,True,NO,YES,YES
mimic_bhc,17151907-DS-13,True,YES,YES,YES
mimic_bhc,16129840-DS-10,True,YES,YES,YES
mimic_bhc,19238215-DS-17,True,NO,YES,YES
mimic_bhc,19151721-DS-4,True,NO,YES,YES
mimic_bhc,12460018-DS-20,True,NO,YES,YES
mimic_bhc,16881816-DS-9,True,YES,YES,NO
mimic_bhc,15199651-DS-6,True,YES,NO,YES
mimic_bhc,10649000-DS-14,True,NO,YES,YES
mimic_bhc,19306625-DS-11,True,YES,NO,YES
mimic_bhc,15291456-DS-7,True,YES,YES,YES
mimic_bhc,11074035-DS-21,True,YES,YES,YES
mimic_bhc,10450918-DS-13,True,NO,YES,NO
mimic_bhc,12547171-DS-7,True,YES,NO,NO
mimic_bhc,16933548-DS-19,True,NO,YES,YES
mimic_bhc,15659884-DS-19,True,YES,YES,YES
mimic_bhc,18948525-DS-7,True,NO,YES,YES
mimic_bhc,10357102-DS-18,True,YES,NO,YES
mimic_bhc,13614327-DS-13,True,YES,YES,YES
mimic_bhc,16826030-DS-20,True,NO,YES,YES
mimic_bhc,17598360-DS-22,True,NO,NO,NO
mimic_bhc,13312176-DS-10,True,NO,YES,YES
mimic_bhc,12834882-DS-17,True,YES,NO,NO
mimic_bhc,14245674-DS-12,True,YES,YES,YES
mimic_bhc,18613687-DS-3,True,NO,YES,YES
mimic_bhc,14170556-DS-17,True,NO,YES,YES
mimic_bhc,14054487-DS-9,True,YES,NO,NO
mimic_bhc,17050937-DS-15,True,YES,NO,NO
mimic_bhc,13306568-DS-33,True,NO,YES,NO
mimic_bhc,11413215-DS-19,True,YES,NO,NO
mimic_bhc,13697582-DS-19,True,NO,NO,NO
mimic_bhc,19399455-DS-8,True,YES,NO,NO
mimic_bhc,13446510-DS-11,True,YES,YES,YES
mimic_bhc,14459666-DS-4,True,YES,NO,NO
mimic_bhc,18429092-DS-24,True,NO,YES,YES
mimic_bhc,17989927-DS-10,True,NO,YES,YES
mimic_bhc,19172819-DS-15,True,YES,YES,YES
mimic_bhc,15272399-DS-3,True,NO,YES,NO
mimic_bhc,12239017-DS-5,True,YES,NO,NO
mimic_bhc,10018862-DS-25,True,NO,YES,YES
mimic_bhc,13983645-DS-25,True,YES,YES,YES
mimic_bhc,15473559-DS-14,True,YES,YES,YES
mimic_bhc,17103939-DS-8,True,NO,YES,YES
mimic_bhc,14877162-DS-20,True,YES,YES,YES
mimic_bhc,19569181-DS-17,True,YES,YES,YES
mimic_bhc,13397589-DS-11,True,NO,YES,YES
mimic_bhc,18913085-DS-18,True,YES,NO,YES
mimic_bhc,13739613-DS-21,True,NO,YES,YES
mimic_bhc,11186830-DS-16,True,YES,YES,YES
mimic_bhc,11315228-DS-10,True,YES,YES,YES
mimic_bhc,16099779-DS-9,True,YES,YES,YES
mimic_bhc,18590452-DS-4,True,YES,YES,YES
mimic_bhc,15825399-DS-8,True,YES,NO,NO
mimic_bhc,18282310-DS-18,True,NO,YES,YES
mimic_bhc,14147585-DS-24,True,YES,NO,YES
mimic_bhc,13043000-DS-15,True,YES,NO,YES
mimic_bhc,17237239-DS-18,True,NO,YES,YES
mimic_bhc,16362502-DS-10,True,YES,NO,YES
mimic_bhc,12438698-DS-19,True,YES,YES,NO
mimic_bhc,17791500-DS-12,True,YES,YES,YES
mimic_bhc,10964281-DS-5,True,YES,YES,NO
mimic_bhc,19507314-DS-11,True,NO,NO,YES
mimic_bhc,18377113-DS-19,True,YES,YES,YES
mimic_bhc,10184327-DS-28,True,NO,YES,YES
mimic_bhc,17160455-DS-8,True,NO,YES,YES
mimic_bhc,16085322-DS-23,True,YES,YES,YES
mimic_bhc,15471525-DS-4,True,YES,YES,YES
mimic_bhc,13011896-DS-10,True,YES,NO,NO
mimic_bhc,12847371-DS-14,True,YES,YES,YES
mimic_bhc,11718742-DS-16,True,YES,NO,NO
mimic_bhc,14980323-DS-16,True,YES,YES,YES
mimic_bhc,12502460-DS-18,True,NO,YES,YES
mimic_bhc,17683960-DS-6,True,YES,NO,YES
mimic_bhc,14499928-DS-17,True,YES,NO,YES
mimic_bhc,14315792-DS-17,True,NO,YES,YES
mimic_bhc,19936109-DS-20,True,YES,YES,YES
mimic_bhc,18160623-DS-9,True,YES,NO,NO
mimic_bhc,14375770-DS-4,True,NO,YES,YES
mimic_bhc,16403658-DS-20,True,YES,YES,YES
mimic_bhc,11779764-DS-18,True,NO,YES,YES
mimic_bhc,18451564-DS-10,True,YES,YES,NO
mimic_bhc,17882272-DS-28,True,YES,NO,NO
mimic_bhc,11724477-DS-11,True,YES,NO,YES
mimic_bhc,13051109-DS-21,True,YES,NO,NO
mimic_bhc,17770067-DS-8,True,YES,NO,NO
mimic_bhc,19928034-DS-18,True,NO,YES,YES
mimic_bhc,10688510-DS-22,True,NO,YES,YES
mimic_bhc,13972092-DS-22,True,YES,YES,YES
mimic_bhc,17357402-DS-5,True,YES,YES,NO
mimic_bhc,14229172-DS-10,True,YES,NO,NO
mimic_bhc,13184047-DS-2,True,YES,YES,YES
mimic_bhc,12970119-DS-25,True,NO,YES,YES
mimic_bhc,11753958-DS-4,True,YES,NO,NO
mimic_bhc,18260419-DS-7,True,NO,YES,YES
mimic_bhc,10032381-DS-16,True,NO,YES,YES
mimic_bhc,15993745-DS-19,True,YES,NO,NO
mimic_bhc,11589067-DS-16,True,YES,YES,YES
mimic_bhc,16640253-DS-7,True,YES,NO,NO
mimic_bhc,10116310-DS-15,True,YES,NO,NO
mimic_bhc,17429280-DS-19,True,YES,YES,YES
mimic_bhc,14717629-DS-20,True,YES,NO,NO
mimic_bhc,11069015-DS-19,True,YES,NO,YES
mimic_bhc,12515935-DS-8,True,NO,YES,YES
mimic_bhc,15906662-DS-26,True,NO,YES,YES
mimic_bhc,18718941-DS-25,True,YES,YES,NO
mimic_bhc,17150837-DS-15,True,YES,YES,YES
mimic_bhc,13249211-DS-18,True,NO,YES,YES
mimic_bhc,16938901-DS-19,True,NO,YES,YES
mimic_bhc,11643840-DS-4,True,YES,NO,NO
mimic_bhc,16996526-DS-17,True,YES,YES,YES
mimic_bhc,18612295-DS-37,True,NO,YES,YES
mimic_bhc,10041990-DS-22,True,YES,YES,YES
mimic_bhc,12331395-DS-5,True,YES,YES,NO
mimic_bhc,15263884-DS-15,True,YES,YES,YES
mimic_bhc,10362013-DS-5,True,YES,YES,YES
mimic_bhc,18275783-DS-20,True,NO,YES,YES
mimic_bhc,11254889-DS-6,True,NO,YES,YES
mimic_bhc,19428820-DS-19,True,NO,YES,YES
mimic_bhc,19446477-DS-24,True,YES,YES,NO
mimic_bhc,19432737-DS-21,True,NO,NO,YES
mimic_bhc,12178818-DS-3,True,YES,NO,NO
mimic_bhc,14025166-DS-14,True,NO,NO,NO
mimic_bhc,10826901-DS-18,True,NO,YES,YES
mimic_bhc,11721696-DS-10,True,YES,YES,YES
mimic_bhc,11958553-DS-8,True,YES,YES,YES
mimic_bhc,18185153-DS-10,True,NO,YES,YES
mimic_bhc,19826426-DS-12,True,NO,YES,YES
mimic_bhc,16645080-DS-3,True,YES,NO,NO
mimic_bhc,19688039-DS-21,True,NO,YES,YES
mimic_bhc,17487379-DS-16,True,YES,YES,YES
mimic_bhc,17133895-DS-18,True,YES,YES,YES
mimic_bhc,18065146-DS-14,True,NO,YES,YES
mimic_bhc,15559090-DS-21,True,YES,YES,NO
mimic_bhc,15300238-DS-10,True,YES,NO,NO
mimic_bhc,13973605-DS-9,True,NO,NO,NO
mimic_bhc,13679248-DS-11,True,YES,NO,NO
mimic_bhc,18832748-DS-12,True,NO,YES,YES
mimic_bhc,16830759-DS-16,True,NO,YES,YES
mimic_bhc,16203467-DS-16,True,NO,YES,YES
mimic_bhc,14561793-DS-12,True,YES,YES,YES
mimic_bhc,19559472-DS-37,True,NO,NO,NO
mimic_bhc,13375768-DS-20,True,YES,YES,NO
mimic_bhc,15484217-DS-18,True,YES,YES,YES
mimic_bhc,17507495-DS-2,True,YES,YES,YES
mimic_bhc,19233690-DS-13,True,YES,NO,YES
mimic_bhc,18947160-DS-5,True,NO,NO,NO
mimic_bhc,18849671-DS-21,True,YES,YES,NO
mimic_bhc,11308999-DS-6,True,YES,NO,YES
mimic_bhc,10370489-DS-16,True,YES,NO,NO
mimic_bhc,18532187-DS-7,True,YES,YES,YES
mimic_bhc,10570063-DS-8,True,NO,YES,YES
mimic_bhc,12613461-DS-13,True,YES,YES,YES
mimic_bhc,11484862-DS-14,True,NO,YES,YES
mimic_bhc,10670085-DS-17,True,NO,YES,YES
mimic_bhc,17337797-DS-13,True,YES,NO,NO
mimic_bhc,10144872-DS-17,True,YES,NO,NO
mimic_bhc,12668116-DS-7,True,YES,YES,YES
mimic_bhc,13126296-DS-13,True,NO,YES,YES
mimic_bhc,11449781-DS-2,True,NO,YES,YES
mimic_bhc,15574003-DS-10,True,YES,NO,YES
mimic_bhc,15718429-DS-10,True,YES,YES,NO
mimic_bhc,10993119-DS-25,True,YES,YES,YES
mimic_bhc,19562494-DS-9,True,YES,NO,NO
mimic_bhc,16189893-DS-19,True,YES,YES,YES
mimic_bhc,15484986-DS-28,True,NO,YES,YES
mimic_bhc,14310616-DS-21,True,YES,NO,NO
mimic_bhc,15806706-DS-15,True,NO,NO,NO
mimic_bhc,14716081-DS-11,True,YES,YES,YES
mimic_bhc,13213620-DS-20,True,YES,YES,YES
mimic_bhc,12833808-DS-17,True,YES,YES,YES
mimic_bhc,17935273-DS-6,True,NO,YES,YES
mimic_bhc,14535113-DS-25,True,NO,YES,YES
mimic_bhc,12475198-DS-26,True,YES,YES,YES
mimic_bhc,16315616-DS-22,True,YES,NO,NO
mimic_bhc,10418457-DS-9,True,YES,YES,NO
mimic_bhc,16055823-DS-19,True,YES,NO,YES
mimic_bhc,17349939-DS-25,True,NO,YES,YES
mimic_bhc,13445399-DS-7,True,NO,NO,NO
mimic_bhc,11437366-DS-22,True,NO,YES,YES
mimic_bhc,19290303-DS-21,True,NO,NO,NO
mimic_bhc,17644359-DS-4,True,YES,YES,NO
mimic_bhc,18658392-DS-9,True,NO,YES,YES
mimic_bhc,11435642-DS-13,True,NO,YES,YES
mimic_bhc,14365923-DS-14,True,NO,YES,YES
mimic_bhc,10440197-DS-18,True,NO,YES,YES
mimic_bhc,18213522-DS-10,True,YES,YES,YES
mimic_bhc,11998037-DS-8,True,YES,NO,YES
mimic_bhc,17924703-DS-19,True,NO,YES,YES
mimic_bhc,14352389-DS-12,True,YES,NO,NO
mimic_bhc,13105387-DS-3,True,YES,YES,YES
mimic_bhc,14156204-DS-18,True,YES,NO,NO
mimic_bhc,11918417-DS-5,True,YES,YES,YES
mimic_bhc,16454641-DS-15,True,YES,YES,YES
mimic_bhc,11131318-DS-21,True,YES,YES,YES
mimic_bhc,11253126-DS-23,True,NO,YES,YES
mimic_bhc,17404232-DS-5,True,YES,NO,NO
mimic_bhc,11379555-DS-15,True,YES,YES,NO
mimic_bhc,17072793-DS-31,True,NO,YES,YES
mimic_bhc,11861655-DS-6,True,YES,NO,YES
mimic_bhc,15427780-DS-6,True,NO,YES,YES
mimic_bhc,15999409-DS-9,True,NO,YES,YES
mimic_bhc,12301590-DS-23,True,YES,YES,YES
mimic_bhc,18480379-DS-17,True,YES,YES,NO
mimic_bhc,15729204-DS-17,True,YES,YES,YES
mimic_bhc,10513922-DS-7,True,YES,YES,NO
mimic_bhc,15834956-DS-7,True,NO,YES,YES
mimic_bhc,19092776-DS-3,True,YES,YES,YES
mimic_bhc,12364368-DS-12,True,YES,YES,YES
mimic_bhc,15960322-DS-12,True,YES,NO,NO
mimic_bhc,11842519-DS-6,True,YES,NO,YES
mimic_bhc,17977392-DS-19,True,YES,NO,NO
mimic_bhc,19865314-DS-20,True,NO,NO,NO
mimic_bhc,16502005-DS-10,True,YES,NO,YES
mimic_bhc,12668827-DS-34,True,NO,YES,YES
mimic_bhc,12303667-DS-29,True,NO,YES,YES
mimic_bhc,11412896-DS-10,True,YES,YES,YES
mimic_bhc,10833307-DS-20,True,NO,YES,YES
mimic_bhc,15743458-DS-20,True,NO,YES,YES
mimic_bhc,18746935-DS-21,True,YES,YES,YES
mimic_bhc,16171861-DS-7,True,NO,NO,NO
mimic_bhc,19503769-DS-23,True,YES,YES,NO
mimic_bhc,18817034-DS-31,True,NO,YES,YES
mimic_bhc,11585307-DS-8,True,YES,NO,NO
mimic_bhc,12956789-DS-12,True,YES,YES,YES
mimic_bhc,11452166-DS-5,True,NO,YES,YES
mimic_bhc,15213763-DS-4,True,YES,NO,NO
mimic_bhc,12942880-DS-21,True,YES,NO,YES
mimic_bhc,11676070-DS-14,True,NO,YES,YES
mimic_bhc,12905341-DS-14,True,YES,YES,NO
mimic_bhc,16515111-DS-10,True,NO,NO,YES
mimic_bhc,14193529-DS-17,True,YES,YES,YES
mimic_bhc,15775412-DS-13,True,NO,YES,YES
mimic_bhc,17554404-DS-20,True,NO,YES,YES
mimic_bhc,12683705-DS-18,True,YES,YES,NO
mimic_bhc,10913302-DS-59,True,NO,YES,YES
mimic_bhc,19689280-DS-9,True,NO,YES,YES
mimic_bhc,15128994-DS-9,True,YES,NO,YES
mimic_bhc,17694136-DS-11,True,YES,NO,NO
mimic_bhc,11362706-DS-4,True,NO,YES,YES
mimic_bhc,17470673-DS-10,True,YES,NO,NO
mimic_bhc,17451560-DS-23,True,NO,YES,YES
mimic_bhc,17697220-DS-6,True,YES,YES,NO
mimic_bhc,11206553-DS-13,True,YES,YES,YES
mimic_bhc,11175308-DS-9,True,YES,YES,YES
mimic_bhc,17242269-DS-6,True,NO,YES,YES
mimic_bhc,11045506-DS-18,True,YES,YES,YES
mimic_bhc,16120907-DS-8,True,YES,YES,YES
mimic_bhc,18607613-DS-10,True,YES,YES,YES
mimic_bhc,10424312-DS-6,True,YES,NO,NO
mimic_bhc,11165857-DS-9,True,NO,NO,NO
mimic_bhc,18100092-DS-20,True,NO,YES,YES
mimic_bhc,12656007-DS-5,True,YES,YES,YES
mimic_bhc,12588203-DS-3,True,NO,YES,YES
mimic_bhc,14138121-DS-10,True,YES,NO,YES
mimic_bhc,14648740-DS-19,True,YES,NO,NO
mimic_bhc,15568576-DS-5,True,YES,YES,NO
