condition,dataset,items,unanimous,pairwise,fleiss_kappa,yes_rate
baseline,ACI-Bench,414,0.42995169082125606,0.6199677938808372,0.23991784914114983,0.4975845410628019
human,ACI-Bench,414,0.7801932367149759,0.853462157809984,0.7058802098513556,0.47020933977455714
summary_gpt4o,ACI-Bench,414,0.6231884057971014,0.748792270531401,0.4954913668071898,0.4677938808373591
summary_llama,ACI-Bench,414,0.5,0.6666666666666665,0.33327109347648465,0.5048309178743962
baseline,ALL,2554,0.6840250587314017,0.7893500391542678,0.5553446265147679,0.6145914904724615
human,ALL,1414,0.7128712871287128,0.8085808580858085,0.6050786516853931,0.5874587458745875
summary_gpt4o,ALL,2554,0.6002349256068912,0.733489950404594,0.4623106894771307,0.5465935787000783
summary_llama,ALL,2554,0.5505090054815975,0.7003393369877317,0.3940060587158473,0.5524667188723571
baseline,AskDocs,386,0.9196891191709845,0.9464594127806563,0.8796891181290782,0.6658031088082902
summary_gpt4o,AskDocs,386,0.5906735751295337,0.7271157167530223,0.436751355295117,0.5880829015544041
summary_llama,AskDocs,386,0.533678756476684,0.689119170984456,0.37148904990637477,0.5518134715025906
baseline,MIMIC-IV BHC,1000,0.52,0.68,0.3058364213167994,0.6396666666666667
human,MIMIC-IV BHC,1000,0.685,0.79,0.54644412191582,0.636
summary_gpt4o,MIMIC-IV BHC,1000,0.536,0.6906666666666668,0.3764309722077257,0.5443333333333333
summary_llama,MIMIC-IV BHC,1000,0.528,0.6853333333333332,0.3636958843795876,0.5523333333333333
baseline,MeDiSumQA,754,0.9204244031830239,0.946949602122016,0.8874870363876475,0.6193633952254642
summary_gpt4o,MeDiSumQA,754,0.6777188328912467,0.7851458885941645,0.5612909713891663,0.5716180371352785
summary_llama,MeDiSumQA,754,0.616710875331565,0.7444739168877099,0.47581788440567047,0.579133510167993
